{
    "msg_travel": {
        "type": "hist",
        "pool": {
            "name": "msg_travel",
            "description": "Time taken (secs) to get here (receiver)",
            "marks": [
                0.0001,
                0.0005,
                0.001,
                0.002,
                0.004,
                0.008,
                0.01,
                0.02,
                0.04,
                0.08,
                0.1,
                0.2,
                0.4,
                0.8,
                1.0,
                2.0
            ],
            "unit": "second",
            "cat_data": {
                "server#reply:server_parent_listener:get_clients": [
                    "",
                    {
                        "count": 1,
                        "total": 0.0004341602325439453,
                        "min": 0.0004341602325439453,
                        "max": 0.0004341602325439453
                    },
                    "",
                    "",
                    "",
                    "",
                    "",
                    "",
                    "",
                    "",
                    "",
                    "",
                    "",
                    "",
                    "",
                    "",
                    ""
                ],
                "server.da1c729a-6d30-4772-adb2-5ccec75fe270#req:sm__STREAM:sm__DATA": [
                    "",
                    {
                        "count": 58,
                        "total": 0.0220949649810791,
                        "min": 0.000244140625,
                        "max": 0.0004949569702148438
                    },
                    {
                        "count": 239,
                        "total": 0.16799163818359375,
                        "min": 0.0005021095275878906,
                        "max": 0.0009639263153076172
                    },
                    {
                        "count": 5,
                        "total": 0.00644993782043457,
                        "min": 0.0010600090026855469,
                        "max": 0.0019228458404541016
                    },
                    "",
                    "",
                    "",
                    "",
                    "",
                    "",
                    "",
                    "",
                    "",
                    "",
                    "",
                    "",
                    ""
                ],
                "server#reply:cellnet.channel:bye": [
                    "",
                    {
                        "count": 1,
                        "total": 0.0003409385681152344,
                        "min": 0.0003409385681152344,
                        "max": 0.0003409385681152344
                    },
                    "",
                    "",
                    "",
                    "",
                    "",
                    "",
                    "",
                    "",
                    "",
                    "",
                    "",
                    "",
                    "",
                    "",
                    ""
                ],
                "bb#reply:cellnet.channel:bye": [
                    "",
                    {
                        "count": 1,
                        "total": 0.000392913818359375,
                        "min": 0.000392913818359375,
                        "max": 0.000392913818359375
                    },
                    "",
                    "",
                    "",
                    "",
                    "",
                    "",
                    "",
                    "",
                    "",
                    "",
                    "",
                    "",
                    "",
                    "",
                    ""
                ]
            }
        }
    },
    "received_msg_counters": {
        "type": "counter",
        "pool": {
            "name": "received_msg_counters",
            "description": "Result counters of received messages",
            "counter_names": [
                "received",
                "no_reply:none"
            ],
            "cat_data": {
                "reply:server_parent_listener:get_clients": {
                    "received": 1
                },
                "req:sm__STREAM:sm__DATA": {
                    "received": 302,
                    "no_reply:none": 302
                },
                "reply:cellnet.channel:bye": {
                    "received": 2
                }
            }
        }
    },
    "received_msg_sizes": {
        "type": "hist",
        "pool": {
            "name": "received_msg_sizes",
            "description": "Sizes of messages received (MBs)",
            "marks": [
                0.01,
                0.1,
                1,
                10,
                50,
                100,
                200,
                500,
                800,
                1000
            ],
            "unit": "MB",
            "cat_data": {
                "reply:server_parent_listener:get_clients": [
                    {
                        "count": 1,
                        "total": 0.0004062652587890625,
                        "min": 0.0004062652587890625,
                        "max": 0.0004062652587890625
                    },
                    "",
                    "",
                    "",
                    "",
                    "",
                    "",
                    "",
                    "",
                    "",
                    ""
                ],
                "req:sm__STREAM:sm__DATA": [
                    {
                        "count": 302,
                        "total": 0.10706329345703125,
                        "min": 9.5367431640625e-06,
                        "max": 0.0009784698486328125
                    },
                    "",
                    "",
                    "",
                    "",
                    "",
                    "",
                    "",
                    "",
                    "",
                    ""
                ],
                "reply:cellnet.channel:bye": [
                    {
                        "count": 2,
                        "total": 0.0,
                        "min": 0.0,
                        "max": 0.0
                    },
                    "",
                    "",
                    "",
                    "",
                    "",
                    "",
                    "",
                    "",
                    "",
                    ""
                ]
            }
        }
    },
    "request_processing": {
        "type": "hist",
        "pool": {
            "name": "request_processing",
            "description": "Time spent (secs) by request processing callbacks (receiver)",
            "marks": [
                0.0001,
                0.0005,
                0.001,
                0.002,
                0.004,
                0.008,
                0.01,
                0.02,
                0.04,
                0.08,
                0.1,
                0.2,
                0.4,
                0.8,
                1.0,
                2.0
            ],
            "unit": "second",
            "cat_data": {
                "req:sm__STREAM:sm__DATA": [
                    {
                        "count": 299,
                        "total": 0.019456361944321543,
                        "min": 2.3917004000395536e-05,
                        "max": 9.983300697058439e-05
                    },
                    {
                        "count": 3,
                        "total": 0.0003235420153941959,
                        "min": 0.00010287499753758311,
                        "max": 0.00011566700413823128
                    },