{
    "msg_travel": {
        "type": "hist",
        "pool": {
            "name": "msg_travel",
            "description": "Time taken (secs) to get here (receiver)",
            "marks": [
                0.0001,
                0.0005,
                0.001,
                0.002,
                0.004,
                0.008,
                0.01,
                0.02,
                0.04,
                0.08,
                0.1,
                0.2,
                0.4,
                0.8,
                1.0,
                2.0
            ],
            "unit": "second",
            "cat_data": {
                "server#reply:server_parent_listener:get_clients": [
                    "",
                    {
                        "count": 1,
                        "total": 0.0001971721649169922,
                        "min": 0.0001971721649169922,
                        "max": 0.0001971721649169922
                    },
                    "",
                    "",
                    "",
                    "",
                    "",
                    "",
                    "",
                    "",
                    "",
                    "",
                    "",
                    "",
                    "",
                    "",
                    ""
                ],
                "server.da1c729a-6d30-4772-adb2-5ccec75fe270#req:sm__STREAM:sm__DATA": [
                    "",
                    {
                        "count": 12,
                        "total": 0.00484156608581543,
                        "min": 0.0002970695495605469,
                        "max": 0.0004940032958984375
                    },
                    {
                        "count": 48,
                        "total": 0.03291177749633789,
                        "min": 0.0005140304565429688,
                        "max": 0.0009391307830810547
                    },
                    {
                        "count": 2,
                        "total": 0.002323627471923828,
                        "min": 0.0011026859283447266,
                        "max": 0.0012209415435791016
                    },
                    "",
                    "",
                    "",
                    "",
                    "",
                    "",
                    "",
                    "",
                    "",
                    "",
                    "",
                    "",
                    ""
                ],
                "server#reply:cellnet.channel:bye": [
                    "",
                    {
                        "count": 1,
                        "total": 0.0002651214599609375,
                        "min": 0.0002651214599609375,
                        "max": 0.0002651214599609375
                    },
                    "",
                    "",
                    "",
                    "",
                    "",
                    "",
                    "",
                    "",
                    "",
                    "",
                    "",
                    "",
                    "",
                    "",
                    ""
                ],
                "b1#reply:cellnet.channel:bye": [
                    "",
                    {
                        "count": 1,
                        "total": 0.00043129920959472656,
                        "min": 0.00043129920959472656,
                        "max": 0.00043129920959472656
                    },
                    "",
                    "",
                    "",
                    "",
                    "",
                    "",
                    "",
                    "",
                    "",
                    "",
                    "",
                    "",
                    "",
                    "",
                    ""
                ]
            }
        }
    },
    "received_msg_counters": {
        "type": "counter",
        "pool": {
            "name": "received_msg_counters",
            "description": "Result counters of received messages",
            "counter_names": [
                "received",
                "no_reply:none"
            ],
            "cat_data": {
                "reply:server_parent_listener:get_clients": {
                    "received": 1
                },
                "req:sm__STREAM:sm__DATA": {
                    "received": 62,
                    "no_reply:none": 62
                },
                "reply:cellnet.channel:bye": {
                    "received": 2
                }
            }
        }
    },
    "received_msg_sizes": {
        "type": "hist",
        "pool": {
            "name": "received_msg_sizes",
            "description": "Sizes of messages received (MBs)",
            "marks": [
                0.01,
                0.1,
                1,
                10,
                50,
                100,
                200,
                500,
                800,
                1000
            ],
            "unit": "MB",
            "cat_data": {
                "reply:server_parent_listener:get_clients": [
                    {
                        "count": 1,
                        "total": 0.0004062652587890625,
                        "min": 0.0004062652587890625,
                        "max": 0.0004062652587890625
                    },
                    "",
                    "",
                    "",
                    "",
                    "",
                    "",
                    "",
                    "",
                    "",
                    ""
                ],
                "req:sm__STREAM:sm__DATA": [
                    {
                        "count": 62,
                        "total": 0.02264404296875,
                        "min": 9.5367431640625e-06,
                        "max": 0.0008907318115234375
                    },
                    "",
                    "",
                    "",
                    "",
                    "",
                    "",
                    "",
                    "",
                    "",
                    ""
                ],
                "reply:cellnet.channel:bye": [
                    {
                        "count": 2,
                        "total": 0.0,
                        "min": 0.0,
                        "max": 0.0
                    },
                    "",
                    "",
                    "",
                    "",
                    "",
                    "",
                    "",
                    "",
                    "",
                    ""
                ]
            }
        }
    },
    "request_processing": {
        "type": "hist",
        "pool": {
            "name": "request_processing",
            "description": "Time spent (secs) by request processing callbacks (receiver)",
            "marks": [
                0.0001,
                0.0005,
                0.001,
                0.002,
                0.004,
                0.008,
                0.01,
                0.02,
                0.04,
                0.08,
                0.1,
                0.2,
                0.4,
                0.8,
                1.0,
                2.0
            ],
            "unit": "second",
            "cat_data": {
                "req:sm__STREAM:sm__DATA": [
                    {
                        "count": 62,
                        "total": 0.0038142487755976617,
                        "min": 2.479099202901125e-05,
                        "max": 9.32500115595758e-05
                    },