{
    "msg_travel": {
        "type": "hist",
        "pool": {
            "name": "msg_travel",
            "description": "Time taken (secs) to get here (receiver)",
            "marks": [
                0.0001,
                0.0005,
                0.001,
                0.002,
                0.004,
                0.008,
                0.01,
                0.02,
                0.04,
                0.08,
                0.1,
                0.2,
                0.4,
                0.8,
                1.0,
                2.0
            ],
            "unit": "second",
            "cat_data": {
                "server#reply:server_parent_listener:get_clients": [
                    "",
                    {
                        "count": 1,
                        "total": 0.0003898143768310547,
                        "min": 0.0003898143768310547,
                        "max": 0.0003898143768310547
                    },
                    "",
                    "",
                    "",
                    "",
                    "",
                    "",
                    "",
                    "",
                    "",
                    "",
                    "",
                    "",
                    "",
                    "",
                    ""
                ],
                "server.da1c729a-6d30-4772-adb2-5ccec75fe270#req:sm__STREAM:sm__DATA": [
                    "",
                    {
                        "count": 63,
                        "total": 0.024654388427734375,
                        "min": 0.0002338886260986328,
                        "max": 0.0004961490631103516
                    },
                    {
                        "count": 237,
                        "total": 0.16837739944458008,
                        "min": 0.0005049705505371094,
                        "max": 0.0009529590606689453
                    },
                    {
                        "count": 1,
                        "total": 0.0010769367218017578,
                        "min": 0.0010769367218017578,
                        "max": 0.0010769367218017578
                    },
                    {
                        "count": 1,
                        "total": 0.0028307437896728516,
                        "min": 0.0028307437896728516,
                        "max": 0.0028307437896728516
                    },
                    "",
                    "",
                    "",
                    "",
                    "",
                    "",
                    "",
                    "",
                    "",
                    "",
                    "",
                    ""
                ],
                "server#reply:cellnet.channel:bye": [
                    "",
                    "",
                    {
                        "count": 1,
                        "total": 0.00074005126953125,
                        "min": 0.00074005126953125,
                        "max": 0.00074005126953125
                    },
                    "",
                    "",
                    "",
                    "",
                    "",
                    "",
                    "",
                    "",
                    "",
                    "",
                    "",
                    "",
                    "",
                    ""
                ],
                "ba#reply:cellnet.channel:bye": [
                    "",
                    "",
                    {
                        "count": 1,
                        "total": 0.0008540153503417969,
                        "min": 0.0008540153503417969,
                        "max": 0.0008540153503417969
                    },
                    "",
                    "",
                    "",
                    "",
                    "",
                    "",
                    "",
                    "",
                    "",
                    "",
                    "",
                    "",
                    "",
                    ""
                ]
            }
        }
    },
    "received_msg_counters": {
        "type": "counter",
        "pool": {
            "name": "received_msg_counters",
            "description": "Result counters of received messages",
            "counter_names": [
                "received",
                "no_reply:none"
            ],
            "cat_data": {
                "reply:server_parent_listener:get_clients": {
                    "received": 1
                },
                "req:sm__STREAM:sm__DATA": {
                    "received": 302,
                    "no_reply:none": 302
                },
                "reply:cellnet.channel:bye": {
                    "received": 2
                }
            }
        }
    },
    "received_msg_sizes": {
        "type": "hist",
        "pool": {
            "name": "received_msg_sizes",
            "description": "Sizes of messages received (MBs)",
            "marks": [
                0.01,
                0.1,
                1,
                10,
                50,
                100,
                200,
                500,
                800,
                1000
            ],
            "unit": "MB",
            "cat_data": {
                "reply:server_parent_listener:get_clients": [
                    {
                        "count": 1,
                        "total": 0.0004062652587890625,
                        "min": 0.0004062652587890625,
                        "max": 0.0004062652587890625
                    },
                    "",
                    "",
                    "",
                    "",
                    "",
                    "",
                    "",
                    "",
                    "",
                    ""
                ],
                "req:sm__STREAM:sm__DATA": [
                    {
                        "count": 302,
                        "total": 0.10706329345703125,
                        "min": 9.5367431640625e-06,
                        "max": 0.0009784698486328125
                    },
                    "",
                    "",
                    "",
                    "",
                    "",
                    "",
                    "",
                    "",
                    "",
                    ""
                ],
                "reply:cellnet.channel:bye": [
                    {
                        "count": 2,
                        "total": 0.0,
                        "min": 0.0,
                        "max": 0.0
                    },
                    "",
                    "",
                    "",
                    "",
                    "",
                    "",
                    "",
                    "",
                    "",
                    ""
                ]
            }
        }
    },
    "request_processing": {
        "type": "hist",
        "pool": {
            "name": "request_processing",
            "description": "Time spent (secs) by request processing callbacks (receiver)",
            "marks": [
                0.0001,
                0.0005,
                0.001,
                0.002,
                0.004,
                0.008,
                0.01,
                0.02,
                0.04,
                0.08,
                0.1,
                0.2,
                0.4,
                0.8,
                1.0,
                2.0
            ],
            "unit": "second",
            "cat_data": {
                "req:sm__STREAM:sm__DATA": [
                    {
                        "count": 297,
                        "total": 0.019457501883152872,
                        "min": 2.4125009076669812e-05,
                        "max": 9.92499990388751e-05
                    },
                    {
                        "count": 5,