{
    "msg_travel": {
        "type": "hist",
        "pool": {
            "name": "msg_travel",
            "description": "Time taken (secs) to get here (receiver)",
            "marks": [
                0.0001,
                0.0005,
                0.001,
                0.002,
                0.004,
                0.008,
                0.01,
                0.02,
                0.04,
                0.08,
                0.1,
                0.2,
                0.4,
                0.8,
                1.0,
                2.0
            ],
            "unit": "second",
            "cat_data": {
                "server#reply:server_parent_listener:get_clients": [
                    "",
                    {
                        "count": 1,
                        "total": 0.0004208087921142578,
                        "min": 0.0004208087921142578,
                        "max": 0.0004208087921142578
                    },
                    "",
                    "",
                    "",
                    "",
                    "",
                    "",
                    "",
                    "",
                    "",
                    "",
                    "",
                    "",
                    "",
                    "",
                    ""
                ],
                "server.da1c729a-6d30-4772-adb2-5ccec75fe270#req:sm__STREAM:sm__DATA": [
                    "",
                    {
                        "count": 67,
                        "total": 0.0259549617767334,
                        "min": 0.00023818016052246094,
                        "max": 0.0004990100860595703
                    },
                    {
                        "count": 239,
                        "total": 0.1673259735107422,
                        "min": 0.0005009174346923828,
                        "max": 0.0009717941284179688
                    },
                    {
                        "count": 4,
                        "total": 0.005358695983886719,
                        "min": 0.0010008811950683594,
                        "max": 0.0019850730895996094
                    },
                    {
                        "count": 1,
                        "total": 0.002259969711303711,
                        "min": 0.002259969711303711,
                        "max": 0.002259969711303711
                    },
                    "",
                    "",
                    "",
                    "",
                    "",
                    "",
                    "",
                    "",
                    "",
                    "",
                    "",
                    ""
                ],
                "aa#reply:cellnet.channel:bye": [
                    "",
                    {
                        "count": 1,
                        "total": 0.00030922889709472656,
                        "min": 0.00030922889709472656,
                        "max": 0.00030922889709472656
                    },
                    "",
                    "",
                    "",
                    "",
                    "",
                    "",
                    "",
                    "",
                    "",
                    "",
                    "",
                    "",
                    "",
                    "",
                    ""
                ],
                "server#reply:cellnet.channel:bye": [
                    "",
                    {
                        "count": 1,
                        "total": 0.0004820823669433594,
                        "min": 0.0004820823669433594,
                        "max": 0.0004820823669433594
                    },
                    "",
                    "",
                    "",
                    "",
                    "",
                    "",
                    "",
                    "",
                    "",
                    "",
                    "",
                    "",
                    "",
                    "",
                    ""
                ]
            }
        }
    },
    "received_msg_counters": {
        "type": "counter",
        "pool": {
            "name": "received_msg_counters",
            "description": "Result counters of received messages",
            "counter_names": [
                "received",
                "no_reply:none"
            ],
            "cat_data": {
                "reply:server_parent_listener:get_clients": {
                    "received": 1
                },
                "req:sm__STREAM:sm__DATA": {
                    "received": 311,
                    "no_reply:none": 311
                },
                "reply:cellnet.channel:bye": {
                    "received": 2
                }
            }
        }
    },
    "received_msg_sizes": {
        "type": "hist",
        "pool": {
            "name": "received_msg_sizes",
            "description": "Sizes of messages received (MBs)",
            "marks": [
                0.01,
                0.1,
                1,
                10,
                50,
                100,
                200,
                500,
                800,
                1000
            ],
            "unit": "MB",
            "cat_data": {
                "reply:server_parent_listener:get_clients": [
                    {
                        "count": 1,
                        "total": 0.0004062652587890625,
                        "min": 0.0004062652587890625,
                        "max": 0.0004062652587890625
                    },
                    "",
                    "",
                    "",
                    "",
                    "",
                    "",
                    "",
                    "",
                    "",
                    ""
                ],
                "req:sm__STREAM:sm__DATA": [
                    {
                        "count": 311,
                        "total": 0.11019611358642578,
                        "min": 9.5367431640625e-06,
                        "max": 0.0009784698486328125
                    },
                    "",
                    "",
                    "",
                    "",
                    "",
                    "",
                    "",
                    "",
                    "",
                    ""
                ],
                "reply:cellnet.channel:bye": [
                    {
                        "count": 2,
                        "total": 0.0,
                        "min": 0.0,
                        "max": 0.0
                    },
                    "",
                    "",
                    "",
                    "",
                    "",
                    "",
                    "",
                    "",
                    "",
                    ""
                ]
            }
        }
    },
    "request_processing": {
        "type": "hist",
        "pool": {
            "name": "request_processing",
            "description": "Time spent (secs) by request processing callbacks (receiver)",
            "marks": [
                0.0001,
                0.0005,
                0.001,
                0.002,
                0.004,
                0.008,
                0.01,
                0.02,
                0.04,
                0.08,
                0.1,
                0.2,
                0.4,
                0.8,
                1.0,
                2.0
            ],
            "unit": "second",
            "cat_data": {
                "req:sm__STREAM:sm__DATA": [
                    {
                        "count": 308,
                        "total": 0.019947384047554806,
                        "min": 2.3375003365799785e-05,
                        "max": 9.829201735556126e-05
                    },
                    {
                        "count": 3,